sku,category,price
CETAPHIL BABY DAILY LOTION 400 ML,Baby,164557
Cetaphil Baby Daily Lotion with Organic Calendula 400 ml,Baby,187929
Cetaphil Baby Diaper Cream with Organic Calendula 70G,Baby,94577
CETAPHIL BABY GTL WASH & SHAMPOO 230 ML,Baby,93898
CETAPHIL BABY GTL WASH & SHAMPOO 400 ML,Baby,137462
CETAPHIL BABY MOIST BATH & WASH 230 ML,Baby,105962
Cetaphil Baby Moist Bath & Wash 400ml Pump,Baby,152567
CETAPHIL BABY SHAMPOO 200 ML,Baby,84712
Cetaphil Baby Wash & Shampoo with Organic Calendula 230 ml,Baby,106930
Cetaphil Baby Wash & Shampoo with Organic Calendula 400 ml,Baby,154873
Cetaphil Baby with Organic Calendula Advanced Protection Cream 85G,Baby,80040
CETAPHIL Bright Healthy Radiance Gentle Renewing Cleanser 100ml,BHR,155194
CETAPHIL Bright Healthy Radiance Perfecting Serum 30ml,BHR,322325
CETAPHIL BRIGHT HR SHEET MASK 6X23 ML,BHR,220852
Cetaphil Brightening Day Protection Cream SPF 50ml,BHR,209088
Cetaphil Brightening Night Nourishing Cream 50ml,BHR,216832
Cetaphil Brightness Refresh Toner 150ml,BHR,162624
Cetaphil Brightness Reveal Creamy Cleanser 100ml,BHR,154880
CETAPHIL DAILY FACIAL CLEANSER 236ML,CLEANSER,160602
CETAPHIL Exfoliating Cleanser 178 ML,CLEANSER,91492
CETAPHIL GENTLE SKIN CLEANSER 1000 ML,CLEANSER,306002
CETAPHIL GENTLE SKIN CLEANSER 125 ML,CLEANSER,69546
CETAPHIL GENTLE SKIN CLEANSER 250 ML,CLEANSER,122519
CETAPHIL GENTLE SKIN CLEANSER 500 ML,CLEANSER,193654
CETAPHIL GENTLE SKIN CLEANSER 59 ML,CLEANSER,42308
CETAPHIL HYDRATING FOAMING CREAM CLEANSER 236 ML - BLUE,CLEANSER,125581
CETAPHIL HYDRATING FOAMING CREAM CLEANSER 236 ML - WHITE,CLEANSER,125581
CETAPHIL OILY SKIN CLEANSER 125 ML,CLEANSER,167178
CETAPHIL SOOTHING FOAM WASH 200ML,CLEANSER,242465
CETAPHIL ULTRA GENTLE BODY WASH 500 ML,CLEANSER,91492
CETAPHIL DAILY ADV ULT HYDRA LOTION 85 G,MOISTURIZER,107384
CETAPHIL MOISTURISING LOTION 237 mL,MOISTURIZER,161832
CETAPHIL MOISTURIZING CREAM 453 G,MOISTURIZER,271600
CETAPHIL MOISTURIZING CREAM 100 G,MOISTURIZER,126303
CETAPHIL MOISTURIZING LOTION 200 ML,MOISTURIZER,148627
CETAPHIL MOISTURIZING LOTION 59 ML,MOISTURIZER,54044
CETAPHIL DAILY FACIAL MOIST SPF15 118 ML,MOISTURIZER,171914
CETAPHIL UVA/UVB DEF SPF 50+/UVA28 50 ML,MOISTURIZER,219005
CETAPHIL PRO AD DERMA MOIST 295 ML,PRO AD,313133
CETAPHIL PRO AD DERMA REPAIR CREAM 227 G,PRO AD,322206
CETAPHIL PRO AD DERMA SKIN RESTORING MOISTURIZER 145 ML,PRO AD,184322
CETAPHIL PRO AD DERMA WASH 295 ML,PRO AD,275566
CETAPHIL Sun SPF50+ Light Gel 50ml,SUN,274359